<?xml version="1.0" encoding="UTF-8"?>
<metadata>
  <idinfo>
    <descript>
      <abstract>This dataset is an extract of the full PAD-US (CBI Edition) Version 2 for Oregon. For more information about this dataset, and to download the full US dataset, please go to: http://consbio.org/products/projects/pad-us-cbi-edition
 
 PAD-US (CBI Edition) Version 2 is a national database of protected fee lands in the United States. PAD-US (CBI Edition) Version 2 has been redesigned to be used along with the National Conservation Easement Database (NCED) (http://app.databasin.org/app/pages/datasetPage.jsp?id=fbe70de711564e6e874939abec1222ec) , to visualize the entire terrestrial conservation estate of the United States. PAD-US (CBI Edition) Version 2 is limited to the continental U.S., Alaska, and Hawaii. It does not include protected areas data for U.S. territories at this time.
 
 Protected areas are cornerstones of national and international conservation strategies. By way of these designations, lands and waters are set aside in-perpetuity to preserve functioning natural ecosystems, act as refuges for species, and maintain ecological processes. Complementary conservation strategies preserve land for the sustainable use of natural resources, or for the protection of significant geologic and cultural features or open space. The PAD-US (CBI Edition) Version 2 data set portrays the nation's protected areas with standardized spatial geometry and numerous valuable attributes on land ownership, management designations, and conservation status (using national GAP and international IUCN coding systems). The PAD-US (CBI Edition) Version 2 defines protected area to include all fee lands dedicated to the preservation of biology diversity and to other natural, recreation and cultural uses, and managed for these purposes through legal or other effective means (adapted from IUCN definition). The database represents the full range of fee conservation designations that preserve these natural resources in the United States. Our database does not distinguish a protection threshold above which biodiversity is considered secure. Instead, a complete suite of protected area attributes are provided for each polygon with the purpose of giving users the information they need to define the most relevant conservation thresholds for their own objectives and requirements. Collaborating with the nation's leading data providers, the goal is to provide an annual update.</abstract>
      <purpose>This GIS-based dataset was created to help people integrate fee land protected areas data into their daily work (e.g. mapping, planning, analyses, and problem-solving). For example, this database makes it easy for users to address important conservation and resource questions pertaining to climate change adaptation, green energy development, infrastructure planning, and wildlife connectivity. State and regional planners and managers will appreciate this dataset as it provides critical contextual information for their work. Institutions responsible for national and international reporting will find this database full of reliable, accurate information for their purposes. The scientific and conservation community will similarly benefit from having this standardized base map to carry out their research and planning objectives.</purpose>
      <supplinf />
    </descript>
    <useconst>This information is in the public domain.</useconst>
    <datacred>See PAD-US (CBI Edition) Version 2 Data Source table. This information and more can be accessed at: http://consbio.org/products/projects/pad-us-cbi-edition</datacred>
    <citation>
      <citeinfo>
        <title>Protected Areas - Oregon, October 2012</title>
        <pubdate />
        <othercit />
        <origin>Conservation Biology Institute</origin>
        <onlink>http://app.databasin.org/app/pages/datasetPage.jsp?id=fddafbb85f68418f8d9ff472d6ff25a8</onlink>
        <pubinfo>
          <publish />
          <pubplace />
        </pubinfo>
      </citeinfo>
    </citation>
    <ptcontac>
      <cntinfo>
        <cntperp>
          <cntper>Kai Henifin (khenifin@consbio.org)</cntper>
          <cntorg>Conservation Biology Institute</cntorg>
        </cntperp>
      </cntinfo>
    </ptcontac>
    <status>
      <progress />
      <update />
    </status>
    <timeperd>
      <timeinfo>
        <sngdate />
        <current />
      </timeinfo>
    </timeperd>
    <keywords>
      <theme>
        <themekey>federal land</themekey>
        <themekey>fee land</themekey>
        <themekey>fia owner code</themekey>
        <themekey>forest reserve status</themekey>
        <themekey>gap code</themekey>
        <themekey>iucn code</themekey>
        <themekey>local land</themekey>
        <themekey>native american land</themekey>
        <themekey>private conservation land</themekey>
        <themekey>protected areas</themekey>
        <themekey>protected land</themekey>
        <themekey>state land</themekey>
        <themekt>Data Basin tags</themekt>
      </theme>
    </keywords>
    <spdom>
      <bounding>
        <northbc>47.8698216878972</northbc>
        <eastbc>-114.93166547885436</eastbc>
        <southbc>40.30445622704463</southbc>
        <westbc>-126.61630461016705</westbc>
      </bounding>
    </spdom>
  </idinfo>
  <dataqual>
    <attracc>
      <attraccr />
    </attracc>
    <complete />
    <lineage />
  </dataqual>
  <eainfo>
    <detailed>
      <attr>
        <attrlabl>FID</attrlabl>
        <attalias>FID</attalias>
        <attrdef />
        <attrdomv />
      </attr>
      <attr>
        <attrlabl>Shape</attrlabl>
        <attalias>Shape</attalias>
        <attrdef />
        <attrdomv />
      </attr>
      <attr>
        <attrlabl>own_type</attrlabl>
        <attalias>Owner Type</attalias>
        <attrdef>General land owner description (e.g. Federal Land, Native American Land, State Land, Local Land, Private Conservation Land) standardized for the nation.</attrdef>
        <attrdomv />
      </attr>
      <attr>
        <attrlabl>own_name</attrlabl>
        <attalias>Owner Name</attalias>
        <attrdef>Primary agency or entity who owns the parcel, detailed ownership name.</attrdef>
        <attrdomv />
      </attr>
      <attr>
        <attrlabl>mgr_name_d</attrlabl>
        <attalias>Manager Name</attalias>
        <attrdef>Primary agency or entity responsible for the management of the parcel, detailed manager name (if different than owner)</attrdef>
        <attrdomv />
      </attr>
      <attr>
        <attrlabl>p_des_tp</attrlabl>
        <attalias>Primary Designation Type</attalias>
        <attrdef>Primary land management description or designation expected to overlap another designation, standarized for the nation (e.g. Wilderness Area resides in this field while National Forest in Secondary Designation Type).</attrdef>
        <attrdomv />
      </attr>
      <attr>
        <attrlabl>p_loc_ds</attrlabl>
        <attalias>Primary Local Designation</attalias>
        <attrdef>Land management description or designation as provided by data source. Not standardized for the nation.</attrdef>
        <attrdomv />
      </attr>
      <attr>
        <attrlabl>p_des_nm</attrlabl>
        <attalias>Primary Designation Name</attalias>
        <attrdef>Name of parcel standarized to enable searches for PAs by name.</attrdef>
        <attrdomv />
      </attr>
      <attr>
        <attrlabl>p_loc_nm</attrlabl>
        <attalias>Primary Local Name</attalias>
        <attrdef>Name or parcel as provided by source. Not standardized.</attrdef>
        <attrdomv />
      </attr>
      <attr>
        <attrlabl>s_des_tp</attrlabl>
        <attalias>Secondary Designation Type</attalias>
        <attrdef>Overarching management of a polygon under which another may overlap (e.g. a National Forest is listed here, when a Wilderness Area overlaps and is therfore the primary designation type).</attrdef>
        <attrdomv />
      </attr>
      <attr>
        <attrlabl>s_loc_ds</attrlabl>
        <attalias>Secondary Local Designation</attalias>
        <attrdef>Land management description or designation as provided by data source. Not standarized for the nation.</attrdef>
        <attrdomv />
      </attr>
      <attr>
        <attrlabl>s_des_nm</attrlabl>
        <attalias>Secondary Designation Name</attalias>
        <attrdef>Name of parcel standarized to enable searches for PAs by name.</attrdef>
        <attrdomv />
      </attr>
      <attr>
        <attrlabl>s_loc_nm</attrlabl>
        <attalias>Secondary Local Name</attalias>
        <attrdef>Name of parcel as provided by source. Not standardized.</attrdef>
        <attrdomv />
      </attr>
      <attr>
        <attrlabl>t_des_tp</attrlabl>
        <attalias>Tertiary Designation Type</attalias>
        <attrdef>Overarching management of a polygon under which another may overlap (e.g. a National Forest is listed here, when a Wilderness Area and Research Natural Area overlap and are therefore the primary and secondary designation type).</attrdef>
        <attrdomv />
      </attr>
      <attr>
        <attrlabl>t_loc_ds</attrlabl>
        <attalias>Tertiary Local Designation</attalias>
        <attrdef>Land management description or designation as provided by data source. Not standardized for the nation.</attrdef>
        <attrdomv />
      </attr>
      <attr>
        <attrlabl>t_des_nm</attrlabl>
        <attalias>Tertiary Designation Name</attalias>
        <attrdef>Name of parcel standarized to enable searches for PAs by name.</attrdef>
        <attrdomv />
      </attr>
      <attr>
        <attrlabl>t_loc_nm</attrlabl>
        <attalias>Tertiary Local Name</attalias>
        <attrdef>Name of parcel as provided by source. Not standardized.</attrdef>
        <attrdomv />
      </attr>
      <attr>
        <attrlabl>state_nm</attrlabl>
        <attalias>State Name</attalias>
        <attrdef>Name of state spelled out.</attrdef>
        <attrdomv />
      </attr>
      <attr>
        <attrlabl>gap_sts</attrlabl>
        <attalias>GAP Status</attalias>
        <attrdef>Measure of long-term biodiversity protection according to GAP 1-4 scale. GAP Unknown identify parcels where GAP codes are currently unavailable.</attrdef>
        <attrdomv />
      </attr>
      <attr>
        <attrlabl>iucn_cat</attrlabl>
        <attalias>IUCN Category</attalias>
        <attrdef>IUCN management categories, codes assigned using Stewardship List.</attrdef>
        <attrdomv />
      </attr>
      <attr>
        <attrlabl>gis_src</attrlabl>
        <attalias>GIS Source</attalias>
        <attrdef>Source of GIS spatial and attribute information, including the name of state aggregator (if applicable).</attrdef>
        <attrdomv />
      </attr>
      <attr>
        <attrlabl>src_date</attrlabl>
        <attalias>Source Date</attalias>
        <attrdef>Date GIS information was published according to source filed metadata.</attrdef>
        <attrdomv />
      </attr>
      <attr>
        <attrlabl>comments</attrlabl>
        <attalias>Comments</attalias>
        <attrdef>Any comments from either the source of aggregator.</attrdef>
        <attrdomv />
      </attr>
      <attr>
        <attrlabl>gis_acres</attrlabl>
        <attalias>GIS Acres</attalias>
        <attrdef>Acres calculated using parcel geometry.</attrdef>
        <attrdomv />
      </attr>
      <attr>
        <attrlabl>status</attrlabl>
        <attalias>Status of Protection</attalias>
        <attrdef>Proposed - Site has approval on a local goverment level but is awaiting legal declaration/decree; Designated - Site has been legally decreed; Recommended - Site has been put forward by local/international, non governmental organization or national agency.</attrdef>
        <attrdomv />
      </attr>
      <attr>
        <attrlabl>FIA_code</attrlabl>
        <attalias>FIA Ownership Code</attalias>
        <attrdef>FIA_code - Forest Inventory Assessment ownership code (11= National Forest, 12= National Grassland, 13= Other Forest Service, 21= National Park Service, 22= Bureau of Land Management, 23= Fish and Wildlife Service, 24= Department of Defense/Energy, 25= Other Federal, 31= State, 32= Local, 33= Other Non Federal Pubic, 40= Private Lands)</attrdef>
        <attrdomv />
      </attr>
      <attr>
        <attrlabl>Shape_Leng</attrlabl>
        <attalias>Shape Length</attalias>
        <attrdef>Length of feature in internal units.</attrdef>
        <attrdomv />
      </attr>
      <attr>
        <attrlabl>Res_status</attrlabl>
        <attalias>Reserve Status</attalias>
        <attrdef>Identifies federal lands that are reserved or not reserved based on PA designation type. Reserved land is withdrawn by law(s) prohibiting the management of land for the production of wood products (not merely controlling or prohibiting wood-harvesting methods). Such authority is vested in a public agency or department, and supersedes rights of ownership. The prohibition against management for wood products cannot be changed through decision of the land manager (management agency) or through a change in land management personnel, but rather is permanent in nature.</attrdef>
        <attrdomv />
      </attr>
      <attr>
        <attrlabl>Shape_Le_1</attrlabl>
        <attalias>Shape_Le_1</attalias>
        <attrdef />
        <attrdomv />
      </attr>
      <attr>
        <attrlabl>Shape_Area</attrlabl>
        <attalias>Shape Area</attalias>
        <attrdef>Area of feature in internal units squared.</attrdef>
        <attrdomv />
      </attr>
    </detailed>
  </eainfo>
  <distinfo>
    <distrib>
      <cntinfo>
        <cntorgp>
          <cntorg>Data Basin</cntorg>
          <cntper>Data Basin Administrator</cntper>
        </cntorgp>
        <cntaddr>
          <addrtype>physical address</addrtype>
          <address>136 SW Washington Ave, Suite 202</address>
          <city>Corvallis</city>
          <state>OR</state>
          <postal>97333</postal>
          <country>USA</country>
        </cntaddr>
        <cntvoice>541-757-0687</cntvoice>
        <cntemail>databasin_admin@consbio.org</cntemail>
      </cntinfo>
    </distrib>
    <resdesc>Protected Areas - Oregon, October 2012</resdesc>
    <distliab>No warranty is made by Data Basin for use of this dataset.  No warranty is made by Data Basin regarding the accuracy, reliability, or completeness of this dataset. In no event shall Data Basin have any liability whatsoever for payment of any consequential, incidental, indirect, special, or tort damages of any kind, including, but not limited to, any loss of profits arising out of the use or reliance on the geographic or attribute data contained within this dataset or arising out of the delivery, installation, operation, or support by Data Basin.</distliab>
    <stdorder>
      <digform>
        <digtinfo>
          <formname>Feature Layer</formname>
          <formvern>ArcGIS  10</formvern>
          <formspec>Feature Layer</formspec>
          <filedec>No compression applied</filedec>
        </digtinfo>
        <digtopt>
          <onlinopt>
            <computer>
              <networka>
                <networkr>http://app.databasin.org/app/pages/datasetPage.jsp?id=fddafbb85f68418f8d9ff472d6ff25a8</networkr>
              </networka>
            </computer>
            <accinstr>Download from http://databasin.org</accinstr>
          </onlinopt>
        </digtopt>
      </digform>
      <fees>None</fees>
      <ordering>Download from http://databasin.org</ordering>
    </stdorder>
    <techpreq>ESRI ArcGIS Desktop and supporting operating systems.</techpreq>
  </distinfo>
</metadata>

