<?xml version="1.0" encoding="UTF-8"?>
<!DOCTYPE metadata SYSTEM "http://www.fgdc.gov/metadata/fgdc-std-001-1998.dtd">

<metadata>
  <idinfo>
    <citation>
      <citeinfo>
        <origin>Conservation Biology Institute</origin>
        <pubdate>October 31, 2012</pubdate>
        <title>Protected Areas - Oregon, October 2012</title>
        <pubinfo>
          <pubplace>Corvallis, Oregon</pubplace>
          <publish>Conservation Biology Institute</publish>
        </pubinfo>
        <othercit />
        <onlink />
      </citeinfo>
      <citeinfo />
    </citation>
    <descript>
      <abstract>
        This dataset is an extract of the full PAD-US (CBI Edition) Version 2 for Oregon. For more information about this dataset, and to download the full US dataset, please go to:
        <a href="http://consbio.org/products/projects/pad-us-cbi-edition">http://consbio.org/products/projects/pad-us-cbi-edition</a>
        . PAD-US (CBI Edition) Version 2 is a national database of protected fee lands in the United States. PAD-US (CBI Edition) Version 2 has been redesigned to be used along with the National Conservation Easement Database (NCED), to visualize the entire terrestrial conservation estate of the United States. PAD-US  (CBI Edition) Version 2 is limited to the continental U.S., Alaska, and Hawaii. It does not include protected areas data for U.S. territories at this time.

Protected areas are cornerstones of national and international conservation strategies. By way of these designations, lands and waters are set aside in-perpetuity to preserve functioning natural ecosystems, act as refuges for species, and maintain ecological processes. Complementary conservation strategies preserve land for the sustainable use of natural resources, or for the protection of significant geologic and cultural features or open space. The PAD-US (CBI Edition) Version 2 data set portrays the nation's protected areas with standardized spatial geometry and numerous valuable attributes on land ownership, management designations, and conservation status (using national GAP and international IUCN coding systems). The PAD-US (CBI Edition) Version 2 defines protected area to include all fee lands dedicated to the preservation of biology diversity and to other natural, recreation and cultural uses, and managed for these purposes through legal or other effective means (adapted from IUCN definition). The database represents the full range of fee conservation designations that preserve these natural resources in the United States. Our database does not distinguish a protection threshold above which biodiversity is considered secure. Instead, a complete suite of protected area attributes are provided for each polygon with the purpose of giving users the information they need to define the most relevant conservation thresholds for their own objectives and requirements. Collaborating with the nation's leading data providers, the goal is to provide an annual update.
      </abstract>
      <purpose>This GIS-based dataset was created to help people integrate fee land protected areas data into their daily work (e.g. mapping, planning, analyses, and problem-solving). For example, this database makes it easy for users to address important conservation and resource questions pertaining to climate change adaptation, green energy development, infrastructure planning, and wildlife connectivity. State and regional planners and managers will appreciate this dataset as it provides critical contextual information for their work. Institutions responsible for national and international reporting will find this database full of reliable, accurate information for their purposes. The scientific and conservation community will similarly benefit from having this standardized base map to carry out their research and planning objectives.</purpose>
      <supplinf />
    </descript>
    <timeperd>
      <timeinfo>
        <sngdate>
          <caldate>October 31, 2012</caldate>
        </sngdate>
        <current />
      </timeinfo>
      <current>publication date</current>
      <timeinfo />
    </timeperd>
    <keywords>
      <theme>
        <themekt>Data Basin free form keywords</themekt>
        <themekey>Protected Areas</themekey>
        <themekey>Fee Land</themekey>
        <themekey>GAP Code</themekey>
        <themekey>IUCN Code</themekey>
        <themekey>FIA Owner Code</themekey>
        <themekey>Forest Reserve Status</themekey>
        <themekey>Protected Land</themekey>
        <themekey>Federal Land</themekey>
        <themekey>Native American Land</themekey>
        <themekey>State Land</themekey>
        <themekey>Local Land</themekey>
        <themekey>Private Conservation Land</themekey>
      </theme>
    </keywords>
    <accconst>None</accconst>
    <useconst>This information is in the public domain.</useconst>
    <ptcontac>
      <cntinfo>
        <cntperp>
          <cntper>Kai Henifin</cntper>
          <cntorg>Conservation Biology Institute</cntorg>
        </cntperp>
        <cntemail>khenifin@consbio.org</cntemail>
      </cntinfo>
      <cntinfo />
    </ptcontac>
    <datacred>See PAD-US (CBI Edition) Version 2 Data Source table.  This information and more can be accessed at: http://consbio.org/products/projects/pad-us-cbi-edition</datacred>
    <status>
      <progress>Complete</progress>
      <update>None Planned</update>
    </status>
    <spdom>
      <bounding />
    </spdom>
  </idinfo>
  <dataqual>
    <attracc>
      <attraccr />
    </attracc>
    <complete />
    <lineage />
  </dataqual>
  <spdoinfo>
    <ptvctinf>
      <sdtsterm>
        <sdtstype />
        <ptvctcnt />
      </sdtsterm>
    </ptvctinf>
  </spdoinfo>
  <spref>
    <horizsys>
      <geograph>
        <latres>0</latres>
        <longres>0</longres>
        <geogunit>Decimal degreees</geogunit>
      </geograph>
      <geodetic>
        <horizdn>D_WGS_1984</horizdn>
        <ellips>WGS_1984</ellips>
        <semiaxis>6378137.000000</semiaxis>
        <denflat>298.257224</denflat>
      </geodetic>
    </horizsys>
    /n
  </spref>
  <eainfo>
    <detailed>
      <enttyp>
        <enttypl>PADUSv2_CBIEdition</enttypl>
        <enttypd>Spatial Dataset</enttypd>
        <enttypds>CBI</enttypds>
      </enttyp>
      <attr>
        <attrlabl>OWN_TYPE</attrlabl>
        <attalias>Owner Type</attalias>
        <attrdef>General land owner description (e.g. Federal Land, Native American Land, State Land, Local Land, Private Conservation Land) standardized for the nation.</attrdef>
        <attrdefs>Conservation Biology Institute</attrdefs>
        <attrdomv />
      </attr>
      <attr>
        <attrlabl>OWN_NAME</attrlabl>
        <attalias>Owner Name</attalias>
        <attrdef>Primary agency or entity who owns the parcel, detailed ownership name.</attrdef>
        <attrdefs>Conservation Biology Institute</attrdefs>
        <attrdomv />
      </attr>
      <attr>
        <attrlabl>MGR_NAME_D</attrlabl>
        <attalias>Manager Name</attalias>
        <attrdef>Primary agency or entity responsible for the management of the parcel, detailed manager name (if different than owner)</attrdef>
        <attrdefs>Conservation Biology Institute</attrdefs>
        <attrdomv />
      </attr>
      <attr>
        <attrlabl>P_DES_TP</attrlabl>
        <attalias>Primary Designation Type</attalias>
        <attrdef>Primary land management description or designation expected to overlap another designation, standarized for the nation (e.g. Wilderness Area resides in this field while National Forest in Secondary Designation Type).</attrdef>
        <attrdefs>Conservation Biology Institute</attrdefs>
        <attrdomv />
      </attr>
      <attr>
        <attrlabl>P_LOC_DS</attrlabl>
        <attalias>Primary Local Designation</attalias>
        <attrdef>Land management description or designation as provided by data source. Not standardized for the nation.</attrdef>
        <attrdefs>Conservation Biology Institute</attrdefs>
        <attrdomv />
      </attr>
      <attr>
        <attrlabl>P_DES_NM</attrlabl>
        <attalias>Primary Designation Name</attalias>
        <attrdef>Name of parcel standarized to enable searches for PAs by name.</attrdef>
        <attrdefs>Conservation Biology Institute</attrdefs>
        <attrdomv />
      </attr>
      <attr>
        <attrlabl>P_LOC_NM</attrlabl>
        <attalias>Primary Local Name</attalias>
        <attrdef>Name or parcel as provided by source. Not standardized.</attrdef>
        <attrdefs>Conservation Biology Institute</attrdefs>
        <attrdomv />
      </attr>
      <attr>
        <attrlabl>S_DES_TP</attrlabl>
        <attalias>Secondary Designation Type</attalias>
        <attrdef>Overarching management of a polygon under which another may overlap (e.g. a National Forest is listed here, when a Wilderness Area overlaps and is therfore the primary designation type).</attrdef>
        <attrdefs>Conservation Biology Institute</attrdefs>
        <attrdomv />
      </attr>
      <attr>
        <attrlabl>S_LOC_DS</attrlabl>
        <attalias>Secondary Local Designation</attalias>
        <attrdef>Land management description or designation as provided by data source. Not standarized for the nation.</attrdef>
        <attrdefs>Conservation Biology Institute</attrdefs>
        <attrdomv />
      </attr>
      <attr>
        <attrlabl>S_DES_NM</attrlabl>
        <attalias>Secondary Designation Name</attalias>
        <attrdef>Name of parcel standarized to enable searches for PAs by name.</attrdef>
        <attrdefs>Conservation Biology Institute</attrdefs>
        <attrdomv />
      </attr>
      <attr>
        <attrlabl>S_LOC_NM</attrlabl>
        <attalias>Secondary Local Name</attalias>
        <attrdef>Name of parcel as provided by source. Not standardized.</attrdef>
        <attrdefs>Conservation Biology Institute</attrdefs>
        <attrdomv />
      </attr>
      <attr>
        <attrlabl>T_DES_TP</attrlabl>
        <attalias>Tertiary Designation Type</attalias>
        <attrdef>Overarching management of a polygon under which another may overlap (e.g. a National Forest is listed here, when a Wilderness Area and Research Natural Area overlap and are therefore the primary and secondary designation type).</attrdef>
        <attrdefs>Conservation Biology Institute</attrdefs>
        <attrdomv />
      </attr>
      <attr>
        <attrlabl>T_LOC_DS</attrlabl>
        <attalias>Tertiary Local Designation</attalias>
        <attrdef>Land management description or designation as provided by data source. Not standardized for the nation.</attrdef>
        <attrdefs>Conservation Biology Institute</attrdefs>
        <attrdomv />
      </attr>
      <attr>
        <attrlabl>T_DES_NM</attrlabl>
        <attalias>Tertiary Designation Name</attalias>
        <attrdef>Name of parcel standarized to enable searches for PAs by name.</attrdef>
        <attrdefs>Conservation Biology Institute</attrdefs>
        <attrdomv />
      </attr>
      <attr>
        <attrlabl>T_LOC_NM</attrlabl>
        <attalias>Tertiary Local Name</attalias>
        <attrdef>Name of parcel as provided by source. Not standardized.</attrdef>
        <attrdefs>Conservation Biology Institute</attrdefs>
        <attrdomv />
      </attr>
      <attr>
        <attrlabl>STATE_NM</attrlabl>
        <attalias>State Name</attalias>
        <attrdef>Name of state spelled out.</attrdef>
        <attrdefs>Conservation Biology Institute</attrdefs>
        <attrdomv />
      </attr>
      <attr>
        <attrlabl>GAP_STS</attrlabl>
        <attalias>GAP Status</attalias>
        <attrdef>Measure of long-term biodiversity protection according to GAP 1-4 scale. GAP Unknown identify parcels where GAP codes are currently unavailable.</attrdef>
        <attrdefs>Conservation Biology Institute</attrdefs>
        <attrdomv />
      </attr>
      <attr>
        <attrlabl>IUCN_CAT</attrlabl>
        <attalias>IUCN Category</attalias>
        <attrdef>IUCN management categories, codes assigned using Stewardship List.</attrdef>
        <attrdefs>Conservation Biology Institute</attrdefs>
        <attrdomv />
      </attr>
      <attr>
        <attrlabl>GIS_SRC</attrlabl>
        <attalias>GIS Source</attalias>
        <attrdef>Source of GIS spatial and attribute information, including the name of state aggregator (if applicable).</attrdef>
        <attrdefs>Conservation Biology Institute</attrdefs>
        <attrdomv />
      </attr>
      <attr>
        <attrlabl>SRC_DATE</attrlabl>
        <attalias>Source Date</attalias>
        <attrdef>Date GIS information was published according to source filed metadata.</attrdef>
        <attrdefs>Conservation Biology Institute</attrdefs>
        <attrdomv />
      </attr>
      <attr>
        <attrlabl>COMMENTS</attrlabl>
        <attalias>Comments</attalias>
        <attrdef>Any comments from either the source of aggregator.</attrdef>
        <attrdefs>Conservation Biology Institute</attrdefs>
        <attrdomv />
      </attr>
      <attr>
        <attrlabl>GIS_ACRES</attrlabl>
        <attalias>GIS Acres</attalias>
        <attrdef>Acres calculated using parcel geometry.</attrdef>
        <attrdefs>Conservation Biology Institute</attrdefs>
        <attrdomv />
      </attr>
      <attr>
        <attrlabl>STATUS</attrlabl>
        <attalias>Status of Protection</attalias>
        <attrdef>Proposed - Site has approval on a local goverment level but is awaiting legal declaration/decree; Designated - Site has been legally decreed; Recommended - Site has been put forward by local/international, non governmental organization or national agency.</attrdef>
        <attrdefs>Conservation Biology Institute</attrdefs>
        <attrdomv />
      </attr>
      <attr>
        <attrlabl>FIA_CODE</attrlabl>
        <attalias>FIA Ownership Code</attalias>
        <attrdef>FIA_code - Forest Inventory Assessment ownership code (11= National Forest, 12= National Grassland, 13= Other Forest Service, 21= National Park Service, 22= Bureau of Land Management, 23= Fish and Wildlife Service, 24= Department of Defense/Energy, 25= Other Federal, 31= State, 32= Local, 33= Other Non Federal Pubic, 40= Private Lands)</attrdef>
        <attrdefs>Conservation Biology Institute</attrdefs>
        <attrdomv />
      </attr>
      <attr>
        <attrlabl>SHAPE_LENG</attrlabl>
        <attalias>Shape Length</attalias>
        <attrdef>Length of feature in internal units.</attrdef>
        <attrdefs>Conservation Biology Institute</attrdefs>
        <attrdomv />
      </attr>
      <attr>
        <attrlabl>SHAPE_AREA</attrlabl>
        <attalias>Shape Area</attalias>
        <attrdef>Area of feature in internal units squared.</attrdef>
        <attrdefs>ESRI</attrdefs>
        <attrdomv />
      </attr>
      <attr>
        <attrlabl>RES_STATUS</attrlabl>
        <attalias>Reserved Status</attalias>
        <attrdef>Identifies federal lands that are reserved or not reserved based on PA designation type. Reserved land is withdrawn by law(s) prohibiting the management of land for the production of wood products (not merely controlling or prohibiting wood-harvesting methods). Such authority is vested in a public agency or department, and supersedes rights of ownership. The prohibition against management for wood products cannot be changed through decision of the land manager (management agency) or through a change in land management personnel, but rather is permanent in nature.</attrdef>
        <attrdefs>Conservation Biology Institute</attrdefs>
        <attrdomv />
      </attr>
    </detailed>
  </eainfo>
  <distinfo>
    <distrib>
      <cntinfo>
        <cntorgp>
          <cntorg>Data Basin</cntorg>
          <cntper>Data Basin Administrator</cntper>
        </cntorgp>
        <cntaddr>
          <addrtype>physical address</addrtype>
          <address>136 SW Washington Ave, Suite 202</address>
          <city>Corvallis</city>
          <state>OR</state>
          <postal>97333</postal>
          <country>USA</country>
        </cntaddr>
        <cntvoice>541-757-0687</cntvoice>
        <cntemail>databasin_admin@consbio.org</cntemail>
      </cntinfo>
    </distrib>
    <resdesc />
    <distliab>No warranty is made by Data Basin for use of this dataset.  No warranty is made by Data Basin regarding the accuracy, reliability, or completeness of this dataset. In no event shall Data Basin have any liability whatsoever for payment of any consequential, incidental, indirect, special, or tort damages of any kind, including, but not limited to, any loss of profits arising out of the use or reliance on the geographic or attribute data contained within this dataset or arising out of the delivery, installation, operation, or support by Data Basin.</distliab>
    <stdorder>
      <digform>
        <digtinfo>
          <formname />
          <formvern>ArcGIS  10</formvern>
          <formspec />
          <filedec>No compression applied</filedec>
        </digtinfo>
        <digtopt>
          <onlinopt>
            <computer>
              <networka>
                <networkr />
              </networka>
            </computer>
            <accinstr>Download from http://databasin.org</accinstr>
          </onlinopt>
        </digtopt>
      </digform>
      <fees>None</fees>
      <ordering>Download from http://databasin.org</ordering>
    </stdorder>
    <techpreq>ESRI ArcGIS Desktop and supporting operating systems.</techpreq>
  </distinfo>
  <metainfo>
    <metd />
    <metc>
      <cntinfo>
        <cntperp>
          <cntper />
          <cntorg />
        </cntperp>
        <cntpos />
      </cntinfo>
    </metc>
    <metstdn />
    <metstdv />
  </metainfo>
  <Esri>
    <CreaDate>20121029</CreaDate>
    <CreaTime>17211200</CreaTime>
    <ArcGISstyle>FGDC CSDGM Metadata</ArcGISstyle>
    <SyncOnce>TRUE</SyncOnce>
    <DataProperties>
      <itemProps>
        <itemLocation>
          <linkage Sync="TRUE">file://\\MYRTLE\D\Projects\PAD_2012\states\Oregon\commondata\data0\Oregon</linkage>
          <protocol Sync="TRUE">Local Area Network</protocol>
        </itemLocation>
      </itemProps>
      <copyHistory>
        <copy source="D:\Projects\PAD_2012\states\Oregon" dest="\\MYRTLE\D\Projects\PAD_2012\states\Oregon\commondata\data0\Oregon" date="20121029" time="17211200" />
      </copyHistory>
      <lineage>
        <Process ToolSource="C:\Program Files (x86)\ArcGIS\Server10.0\ArcToolbox\Toolboxes\Data Management Tools.tbx\AddSpatialIndex" Date="20121030" Time="034818">AddSpatialIndex D:\arcgisserver\services\im\fddafbb85f68418f8d9ff472d6ff25a8\commondata\data0\Oregon.shp 0 0 0</Process>
      </lineage>
    </DataProperties>
  </Esri>
</metadata>

